{"cameraMode":{"drawMode":0,"name":"Shaded","section":"Shading Mode"},"sceneLighting":true,"audioPlay":false,"sceneViewState":{"showFog":true,"showMaterialUpdate":true,"showSkybox":true,"showFlares":true,"showImageEffects":true,"showParticleSystems":true},"in2DMode":false,"pivot":{"x":944.465576171875,"y":609.7747802734375,"z":-24.2833251953125},"rotation":{"x":-0.12597426772117616,"y":-0.005361523944884539,"z":0.000670151726808399,"w":-0.9920384883880615},"size":619.57763671875,"orthographic":false}